eBook-Cover;Print-Cover;epub;docx;title;subtitle;author;description_html;keywords;language;bisac;age_min;age_max;trim_size;paper_color;cover_finish;contributors;price_print_eur;price_print_usd;price_ebook_eur;price_ebook_usd
"""C:\Users\admin\Desktop\KDP\chat-gpt\formatiert\Mit Bildern\fertige_buecher\der_geheime_bissmoment_angeln_-_timing_v\der_geheime_bissmoment_cover.png""";C:\Users\admin\Desktop\KDP\chat-gpt\formatiert\Mit Bildern\fertige_buecher\der_geheime_bissmoment_angeln_-_timing_v\der_geheime_bissmoment_cover-full.png;C:\Users\admin\Desktop\KDP\chat-gpt\formatiert\Mit Bildern\fertige_buecher\der_geheime_bissmoment_angeln_-_timing_v\der_geheime_bissmoment.epub;C:\Users\admin\Desktop\KDP\chat-gpt\formatiert\Mit Bildern\fertige_buecher\der_geheime_bissmoment_angeln_-_timing_v\der_geheime_bissmoment.docx;Der geheime Bissmoment;Angeln - Timing verstehen und nutzen;Mirko Marius;<h1>Entdecke den geheimen Bissmoment!</h1><p>In diesem fesselnden Buch tauchst du ein in die faszinierende Welt des Angelns. Lerne, das richtige Timing zu verstehen und geschickt zu nutzen, um deinen Fang zu maximieren. Von den besten Techniken bis hin zu Insider-Tipps – dieses Werk ist dein unverzichtbarer Begleiter am Wasser! Egal, ob Anfänger oder erfahrener Angler, hier findest du wertvolle Informationen, die dein Angelerlebnis bereichern werden.</p><p>Mit anschaulichen Beispielen und praktischen Ratschlägen wird das Angeln zum Vergnügen. Lass dich inspirieren und mache jeden Angelausflug zu einem unvergesslichen Erlebnis!</p>;"Angeln Tipps; Bissmoment verstehen; Fangtechniken; Angler Guide; Wasser und Fisch; Angelmethoden; Natur erleben";German;SPO032000;12;99;6x9;cream;glossy;;699;699;320;320
;;;;ABDL Scenarios;She’s in Charge – Six Female‑Led Diaper Scenarios;Mama Juliette;<h2>Discover a World of Playful Exploration</h2><p>Step into a delightful realm where fantasies come alive! 'ABDL Scenarios: She’s in Charge' invites you to experience six enchanting diaper scenarios led by confident women. Each story is crafted to stimulate your imagination, combining playful elements with gentle guidance.</p><p>Whether you're a seasoned sissy role-player or just curious about ABDL dynamics, these scenarios provide a safe and enjoyable space to explore desires. Each narrative showcases the power exchange and affection that defines these unique relationships.</p><p>Indulge in your fantasies and embrace your playful side as you dive into this captivating collection. With vivid descriptions and relatable characters, you’ll find yourself immersed in these charming adventures. Perfect for solo enjoyment or sharing with a partner!</p>;"ABDL; female-led; diaper scenarios; sissy role-play; fantasy exploration; playful stories; power exchange";English;FIC027000;18;99;6x9;cream;glossy;;699;699;320;320
;;;;ABDL Scenarios;Women‑In‑Charge Diaper Domination Stories;Mama Juliette;<p>Step into a world of playful fantasies with 'ABDL Scenarios'. This collection of gentle and descriptive stories explores the captivating dynamics of diaper domination, where strong women take charge in the most delightful ways. Perfect for sissy role-players and anyone with a taste for imaginative scenarios, these tales promise to awaken your deepest desires and transport you to a realm of comfort and submission. Dive into these enchanting narratives and discover the thrill of surrendering to a dominant woman in a nurturing setting.</p>;"ABDL; diaper domination; sissy role-play; dominant women; playful fantasies; gentle stories; submission";English;FIC027020;18;99;6x9;cream;glossy;;699;699;320;320
;;;;ABDL Scenarios;Women in Diapers – Humiliation & Control;Mama Juliette;"<p>Step into a world of playful exploration with ""ABDL Scenarios,"" where fantasy meets reality in a gentle embrace. This captivating guide delves into the unique realm of ABDL (Adult Baby/Diaper Lover) scenarios, focusing on the dynamics of humiliation and control. Designed specifically for sissy role-players, this book invites you to explore your deepest desires in a safe and understanding environment.</p><p>With vivid descriptions and engaging scenarios, readers will find themselves immersed in a playful narrative that encourages both self-discovery and connection. Whether you're a seasoned participant or new to the ABDL community, this book offers insights and inspiration to enhance your role-playing experiences.</p><p>Join us on this journey of imagination and surrender, where the lines between care and control blur, creating a unique space for personal expression. Embrace your fantasies and let your inhibitions fade away!</p>";"ABDL scenarios; sissy role-play; diaper play; humiliation; control dynamics; adult baby; playful exploration";English;FIC027000;18;99;6x9;cream;glossy;;699;699;320;320
;;;;Are You Ready to Be a Girl? – Feminine Readiness Exercises, Cross‑Dressing Tips & Identity Affirmation for Sissies;Feminine Readiness Exercises & Identity Affirmation;Mistress Juliett;"<p>Unlock your true self with &quot;Are You Ready to Be a Girl?&quot; This playful guide offers feminine readiness exercises, cross-dressing tips, and identity affirmations specifically designed for sissy role-players. Embrace your femininity and explore the joy of self-discovery with practical advice and uplifting exercises that celebrate your journey.</p><p>Whether you're just starting or looking to deepen your experience, this book provides a gentle and supportive approach to help you feel confident and empowered in your identity. Dive into a world where you can express yourself freely and lovingly!</p>";"sissy identity; cross-dressing tips; feminine exercises; self-discovery; role-playing guide; identity affirmation; gender exploration";English;SOC026000;18;99;6x9;cream;glossy;;699;699;320;320
;;;;A Crossdresser’s Confession;A True Story of Love, Marriage, and Acceptance in a Male-to-Female Journey;Mistress LaLa;<p>Join us on an intimate journey of self-discovery and transformation in 'A Crossdresser’s Confession.' This heartfelt true story unfolds the complexities of love, marriage, and personal acceptance as the author navigates their path from male to female. With a playful yet gentle tone, the narrative explores the challenges and triumphs that come with embracing one's true identity. Perfect for sissy role-players and anyone seeking to understand the beauty of diversity, this book offers insights into the power of love and acceptance in every form.</p><p>Whether you are on your own journey or simply curious about the experiences of others, this book provides a compassionate and engaging perspective that will resonate with readers. Dive into a world of heartfelt confessions and discover the joy of being true to oneself.</p>;"crossdressing; self-discovery; love story; gender identity; sissy role-play; acceptance; transformation";English;BIO026000;18;99;6x9;cream;glossy;;699;699;320;320
;;;;Ballbusting Ultimatum Anthology;Intense Femdom Pain, Control & Strict Submission;Herrin Mateja;<h2>Welcome to the thrilling world of Femdom!</h2><p>In this captivating anthology, explore the depths of submission and the exhilarating highs of control. Each story immerses you in intense scenarios where boundaries are pushed, and desires are laid bare. Perfect for sissy role-players seeking playful yet profound experiences, this collection offers a diverse range of narratives that celebrate strength, vulnerability, and the art of domination.</p><p>Join us on a journey through pain and pleasure, where every submission is a step towards liberation. Whether you're a seasoned enthusiast or new to the scene, 'Ballbusting Ultimatum Anthology' promises to ignite your imagination and awaken your deepest fantasies.</p>;"femdom; sissy; submission; pain; control; role-play; anthology";English;FIC027020;18;99;6x9;cream;glossy;;699;699;320;320
;;;;Ballbusting Ultimatum;Intense Femdom Short Stories of Pain, Obedience & Domination;Herrin Mateja;<h1>Discover Your Limits</h1><p>Step into a world of playful domination and surrender with 'Ballbusting Ultimatum.' This collection of intense femdom short stories invites you to explore the thrilling dynamics of pain, obedience, and power exchange. Each tale is crafted to tantalize your senses and ignite your deepest fantasies.</p><p>From gentle teasing to exhilarating challenges, these stories are designed for sissy role-players who crave both excitement and submission. Experience the delicate balance between pleasure and pain as you navigate through each scenario, pushing boundaries while embracing the exhilaration of giving up control.</p><p>Whether you're a seasoned practitioner or new to the scene, these narratives will captivate your imagination and inspire your own adventures in femdom. Indulge in the art of surrender and let your fantasies come to life!</p>;"femdom stories; sissy roleplay; dominance; submission; pain and pleasure; kink fiction; erotic short stories";English;FIC027000;18;99;6x9;cream;glossy;;699;699;320;320
;;;;Beauty Secrets for Transgender Women, Crossdressers & Femininity Lovers;Makeup, Style & Seduction Tips for Trans Bombshells;Mistress LaLa;"<h1>Unlock Your Inner Goddess!</h1><p>Welcome to a world where beauty knows no bounds! In ""Beauty Secrets for Transgender Women, Crossdressers & Femininity Lovers,"" discover the ultimate guide to makeup, style, and seduction tailored specifically for you. This book is filled with tips and tricks from real trans bombshells who have mastered the art of femininity.</p><p>Whether you're exploring your sissy side or simply want to enhance your feminine allure, this playful and descriptive guide offers everything you need to feel empowered and glamorous. Learn about makeup techniques that accentuate your features, styling advice to elevate your wardrobe, and the secrets to captivating confidence that will leave everyone mesmerized.</p><p>Join us on this enchanting journey of self-discovery and embrace the beauty that is uniquely yours!</p>";"transgender beauty tips; makeup for crossdressers; feminization guide; style tips for sissies; seduction techniques; transgender empowerment; glamour secrets";English;FAM024000;16;99;6x9;cream;glossy;;699;699;320;320
;;;;Becoming a Sissy Bimbo;A Quick Guide to Feminization, Obedience, and Embracing Your New Femme Identity;Mistress LaLa;"<h2>Unlock Your Feminine Potential!</h2><p>Are you ready to embrace a new side of yourself? &quot;Becoming a Sissy Bimbo&quot; is a playful and descriptive guide designed for those looking to explore the world of feminization and obedience. This book offers a gentle approach to discovering your femme identity, encouraging you to step into your new role with confidence and joy.</p><p>Inside, you will find practical tips, engaging activities, and empowering advice to help you fully embrace your inner sissy bimbo. Whether you are a seasoned role-player or just beginning your journey, this guide is here to support you every step of the way.</p><p>Join a community of like-minded individuals and celebrate your unique journey towards self-discovery and acceptance!</p>";"feminization; sissy bimbo; role-play; obedience; femme identity; self-discovery; gender exploration";English;FIC017000;18;99;6x9;cream;glossy;;699;699;320;320
;;;;Degrading Instructions;1‑Day Extreme Femdom Degradation – Daily Slave Tasks to Humiliate & Control;Herrin Mateja;<p>Unlock your deepest fantasies with 'Degrading Instructions.' This playful guide is designed for sissy role-players looking to explore the exhilarating world of femdom degradation. With daily tasks tailored to humiliate and control, you'll embark on a journey of self-discovery and submission. Whether you're a novice or an experienced player, each task is crafted to enhance your experience, allowing you to embrace your true self in a safe and consensual environment. Indulge in the thrill of surrender and let your fantasies come alive!</p>;"femdom; degradation; sissy; submission; role-play; humiliation; fantasy";English;FIC023000;18;99;6x9;cream;glossy;;699;699;320;320
;;;;Depraved Sissy Affirmations;Feminization, Humiliation, Erotic Obedience and Mental Submission Under a Dominant Mistress;Mistress Juliett;<p>Welcome to a world where your deepest desires come to life. In 'Depraved Sissy Affirmations,' you will embark on an exhilarating journey of feminization and erotic obedience. Experience the thrill of submission under the guidance of a powerful Mistress who knows just how to awaken your hidden fantasies.</p><p>Each affirmation is crafted to help you embrace your true self, pushing the boundaries of your comfort zone while providing a sense of playful exploration. Let the gentle yet firm words of your Mistress guide you into a realm of blissful surrender and transformation.</p><p>Whether you're new to the scene or a seasoned sissy role-player, this collection of affirmations will inspire and empower you to fully embrace your identity. Indulge in the art of humiliation and find joy in your submission as you navigate through this intoxicating experience.</p>;"sissy role-play; feminization; erotic obedience; dominant mistress; humiliation; mental submission; playful exploration";English;FIC027000;18;99;6x9;cream;glossy;;699;699;320;320
;;;;Dirty Sissy Affirmations;Feminization, Humiliation, Obedience and Mental Submission Under a Dominant Mistress;Mistress Juliett;<p>Step into a world of playful surrender and explore the depths of your desires with 'Dirty Sissy Affirmations'. This unique guide is crafted for those who wish to embrace their sissy identity under the gentle yet firm guidance of a dominant mistress. Each affirmation is designed to reinforce your submission, nurture your feminization journey, and celebrate the beauty of obedience.</p><p>Whether you're a seasoned role-player or just beginning, this book offers a safe space to explore your fantasies. Engage with empowering phrases that encourage self-acceptance and help you find joy in your submissive role. Discover the thrilling interplay of humiliation and empowerment, all while basking in the warmth of your mistress's approval.</p><p>Let these affirmations transform your mindset, deepen your experiences, and enhance your pleasure. Join a community that embraces the art of submission and revel in the freedom that comes from being your true self.</p>;"sissy role-play; feminization; dominant mistress; submission; humiliation; self-acceptance; playful erotica";English;FIC027000;18;99;6x9;cream;glossy;;699;699;320;320
;;;;Dominant Wife Rule Book;Complete Submissive Handbook for FLR Relationships;Mistress LaLa;<h1>Unlock the Secrets of a Dominant Wife</h1><p>Are you ready to explore the exciting world of Female-Led Relationships (FLR)? The <strong>Dominant Wife Rule Book</strong> is your ultimate guide to embracing submission in a playful and fulfilling way. Whether you're a seasoned sissy role-player or new to the concept, this handbook offers invaluable insights into building a strong dynamic with your partner.</p><p>Discover practical tips, engaging scenarios, and gentle guidance to help you navigate your journey. Learn how to communicate effectively, set boundaries, and create an environment where both partners thrive. With a focus on mutual respect and enjoyment, you'll find the perfect balance between dominance and submission.</p><p>Join a community of like-minded individuals and transform your relationship into a thriving partnership. Embrace your desires, and let the <strong>Dominant Wife Rule Book</strong> lead the way!</p>;"FLR relationships; sissy role play; dominant wife; submission guide; couples dynamics; relationship advice; playful romance";English;FIC027000;18;99;6x9;cream;glossy;;699;699;320;320
;;;;Erotic Role‑Playing for Couples;Creative Scenarios to Rekindle Intimacy & Explore Fantasies Together;Mistress LaLa;<h1>Unlock a World of Passion</h1><p>Discover the art of erotic role-playing with your partner. 'Erotic Role-Playing for Couples' presents playful and imaginative scenarios designed to reignite the spark in your relationship. Dive into a realm of fantasies where you can explore new dimensions of intimacy together.</p><p>Each chapter offers detailed guides and tips for setting the scene, enhancing communication, and building trust. Whether you're seasoned players or just starting, this book provides a safe and inviting space to express your desires and deepen your connection.</p><p>Transform your evenings into unforgettable adventures as you step into different characters, explore hidden fantasies, and create lasting memories. It's time to take your relationship to the next level!</p>;"erotic role-playing; couples intimacy; sissy fantasies; creative scenarios; relationship advice; exploring fantasies; playful intimacy";English;FIC027000;18;99;6x9;cream;glossy;;699;699;320;320
;;;;Even More Tricks of the Trade;The Ultimate Guide to Crossdressing for Beginners and Experienced MTF Dressers;Mistress LaLa;<h2>Unlock Your True Self!</h2><p>Are you ready to explore the vibrant world of crossdressing? 'Even More Tricks of the Trade' is your comprehensive guide, crafted for both beginners and seasoned MTF dressers. This playful and descriptive manual offers insightful tips, heartfelt stories, and practical advice that will empower you to embrace your feminine side with confidence.</p><p>With detailed sections on fashion, makeup, and self-expression, this book serves as your perfect companion on your journey. Discover how to create stunning looks that reflect your personality, navigate social situations with ease, and connect with a community that celebrates diversity.</p><p>Join countless others who have transformed their lives through crossdressing. Whether you're starting out or looking to refine your skills, this guide is packed with everything you need to thrive. Dive in and let your true self shine!</p>;"crossdressing; MTF dressers; fashion tips; makeup guide; self-expression; sissy role-play; beginner's guide";English;SOC005000;16;99;6x9;cream;glossy;;699;699;320;320
;;;;Exchange Slaves;Femdom Slave Swap Scenarios for Sissy Role-Players;Herrin Mateja;<h1>Welcome to the World of Exchange Slaves!</h1><p>Immerse yourself in a playful and tantalizing collection of femdom slave swap scenarios designed specifically for sissy role-players. Explore the dynamic of power exchange in a gentle yet captivating way, where fantasy meets reality. Each scenario invites you to indulge in your deepest desires, allowing for creativity and exploration within the safe confines of your imagination. Whether you're a seasoned player or new to the scene, this book provides a delightful escape into a world where pleasure and submission reign supreme.</p><p>Join us on this exhilarating journey, where boundaries are pushed, and fantasies are realized. With vivid descriptions and engaging narratives, 'Exchange Slaves' will inspire you to dive into your unique sissy persona and embrace the thrilling adventures that await!</p>;"femdom; sissy roleplay; slave swap; kinky fantasies; power exchange; submissive play; adult scenarios";English;FIC027000;18;99;6x9;cream;glossy;;699;699;320;320
;;;;Femdom Humiliation & Degradation Scenes;14 Provocative Domination Challenges to Release the Sub;Herrin Mateja;;;English;;18;99;6x9;cream;glossy;;699;699;320;320
;;;;Feminizing Men for Maximum Joy;Enhance Male-to-Female Crossdressing Joyfully;Mistress LaLa;<p>Unlock the secrets of deepening pleasure in male-to-female crossdressing with our playful guide. <strong>Feminizing Men for Maximum Joy</strong> is designed for sissy role-players who wish to embrace their inner girl and explore the delightful world of femininity.</p><p>This book offers practical tips, heartfelt stories, and a gentle approach to transforming your experience. Discover how to enhance your journey, from fashion choices to emotional connections, ensuring maximum joy in every step of your transformation.</p><p>Whether you're a seasoned crossdresser or just starting, this guide will empower you to celebrate your identity and find happiness in expressing your true self.</p>;"crossdressing tips; sissy role play; feminization guide; embracing femininity; male-to-female; pleasure in crossdressing; gender expression";English;FIC027000;18;99;6x9;cream;glossy;;699;699;320;320
;;;;Feminizing Men;A Step-by-Step Guide to Sissy Training, Crossdressing, and Achieving the Perfect Feminine Appearance Without Surgery;Mistress LaLa;"<h1>Unlock Your Feminine Potential!</h1><p>Welcome to ""Feminizing Men,"" the ultimate guide for those looking to explore their feminine side in a fun and empowering way. Whether you’re a seasoned sissy role-player or just curious about crossdressing, this book offers a comprehensive, step-by-step approach to achieving the perfect feminine appearance without the need for surgery.</p><p>In this playful and descriptive guide, you will discover:<br>- Expert tips on sissy training<br>- Techniques for mastering the art of crossdressing<br>- Advice on fashion, makeup, and personal style<br>- Insights on embracing your identity with confidence and joy</p><p>Join a community that celebrates femininity and self-expression. Embrace your journey towards becoming your truest self!</p>";"sissy training; crossdressing guide; feminine appearance; gender expression; self-discovery; makeup tips; fashion advice";English;SOC004000;18;99;6x9;cream;glossy;;699;699;320;320
;;;;Feminizing the Man You Love;A Guide for Couples Exploring Crossdressing and Gender Role Reversal;Mistress LaLa;<p>Discover a playful journey into the world of crossdressing and gender role reversal with 'Feminizing the Man You Love'. This guide is designed for couples who are eager to explore new dimensions of intimacy and self-expression. With gentle advice and descriptive insights, you'll learn how to navigate the delicate balance of love, trust, and playfulness in your relationship.</p><p>From practical tips on wardrobe choices to emotional support for both partners, this book offers a comprehensive look at embracing femininity in a loving environment. Whether you're seasoned in the lifestyle or just beginning to explore, this guide will empower you to deepen your bond and enhance your relationship dynamics.</p><p>Join us in celebrating individuality and connection, as you embark on this exciting adventure together!</p>;"crossdressing; gender role reversal; sissy play; couples guide; relationship advice; intimacy exploration; feminization";English;FAM034000;18;99;6x9;cream;glossy;;699;699;320;320
;;;;Gender 101;A Comprehensive Guide to Embracing Non-Binary Identities;Mistress LaLa;<p>Discover the vibrant world of gender diversity with <strong>Gender 101</strong>. This playful yet informative handbook is designed for those exploring non-binary identities and seeking authentic expression. With engaging insights and gentle guidance, you'll navigate the complexities of gender in a supportive and inclusive way.</p><p>Whether you're a sissy role-player or simply curious about gender fluidity, this book offers practical tips, personal stories, and creative exercises that encourage self-discovery and acceptance. Join a community that celebrates individuality and learn how to express your unique gender identity with confidence.</p><p>Embrace your true self and let <strong>Gender 101</strong> be your companion on this exciting journey of exploration!</p>;"non-binary identity; gender diversity; sissy role-play; authentic expression; gender fluidity; self-discovery; inclusive community";English;SOC026000;16;99;6x9;cream;glossy;;699;699;320;320
;;;;Girly Sissy Affirmations;Feminization, Humiliation, Obedience and Mental Submission Under a Dominant Mistress;Mistress Juliett;"<p>Discover the enchanting world of self-exploration with ""Girly Sissy Affirmations."" This captivating guide is designed for sissy role-players who desire to embrace their femininity and submit to their inner desires. With playful affirmations and gentle guidance, you will find joy in your journey of feminization and obedience.</p><p>Indulge in a transformative experience where humiliation becomes a path to empowerment, and mental submission leads to ultimate bliss. Each affirmation invites you to celebrate your identity and embrace your true self under the loving dominance of a mistress. Whether you are a seasoned player or just beginning your journey, this book offers something for everyone.</p><p>Join a community of like-minded individuals and unlock the secrets of your fantasies. Allow your inner sissy to flourish with every page you turn. Start your adventure today!</p>";"sissy affirmations; feminization guide; dominant mistress; humiliation play; role-play; mental submission; obedience training";English;FIC027000;18;99;6x9;cream;glossy;;699;699;320;320
;;;;Good Sissy Affirmations;Feminization, Humiliation, Obedience and Mental Training Under a Strict Mistress;Mistress Juliett;<p>Discover the transformative power of 'Good Sissy Affirmations'—the ultimate guide for sissy role-players seeking to embrace their true selves. This book offers a playful yet profound journey into feminization, humiliation, and obedience, all under the watchful guidance of a strict mistress. Each affirmation is designed to nurture your desires and enhance your experience, allowing you to flourish in your role.</p><p>With gentle encouragement and descriptive insights, this book will help you unlock your potential, embrace your identity, and revel in the joy of submission. Perfect for both beginners and seasoned role-players, 'Good Sissy Affirmations' is your key to a fulfilling and enchanting journey.</p>;"sissy role-play; feminization; humiliation; obedience; mental training; strict mistress; affirmations";English;FIC027000;18;99;6x9;cream;glossy;;699;699;320;320
;;;;How to Feminize Your Face;MTF Makeup & Hair Styling for Crossdressers and Trans Women;Mistress LaLa;<p>Unlock the secrets to beautifully feminizing your face with our comprehensive guide, designed specifically for crossdressers and trans women. Discover playful techniques in makeup application, hair styling, and personal grooming that will enhance your natural beauty and help you express your true self. This book offers gentle, step-by-step instructions for beginners and seasoned makeup enthusiasts alike. From choosing the right products to mastering the art of contouring, you'll find everything you need to create the perfect feminine look. Embrace your identity with confidence and style!</p>;"MTF makeup; feminization tips; crossdressing guide; trans woman beauty; makeup techniques; hair styling; sissy role-play";English;FIC027000;16;99;6x9;cream;glossy;;699;699;320;320
;;;;How to Feminize Your Voice;A Playful Guide to Achieving a Soft, Passable Voice;Mistress LaLa;<p>Unlock the secrets to a soft and passable female voice with our comprehensive guide, designed specifically for trans women, crossdressers, and sissies. This playful and gentle resource will take you on a journey of vocal transformation, offering practical tips, exercises, and insights tailored to your unique voice journey.</p><p>Learn to embrace your true self as we explore techniques to feminize your voice, build confidence, and enhance your vocal skills. Whether you're preparing for a special event or simply want to express your femininity more fully, this guide is your ultimate companion.</p><p>Join a supportive community of like-minded individuals and discover the joy of self-expression through your voice. With our step-by-step approach, you'll be on your way to achieving the voice you've always desired!</p>;"feminize voice; trans women; crossdressers; voice training; sissy role-play; soft voice; vocal techniques";English;SOC021000;16;40;6x9;cream;glossy;;699;699;320;320
;;;;How to Grow Your Own Boobs;Natural Breast Enlargement for Trans Women, Crossdressers & Small-Busted Women;Mistress LaLa;<p>Unlock your femininity with our playful and gentle guide on natural breast enlargement! Designed specifically for trans women, crossdressers, and those with smaller busts, this book offers a wealth of tips, techniques, and natural remedies to help you achieve your desired look. Embrace your journey and learn how to enhance your curves in a safe and effective way.</p><p>With easy-to-follow instructions and a friendly tone, you'll feel supported every step of the way. Discover the joy of self-care and body positivity as you explore the secrets of natural breast growth. Whether you're just starting out or looking to enhance your existing routine, this book is your ultimate companion!</p>;"natural breast enlargement; trans women beauty; crossdressing tips; body positivity; self-care routines; sissy role-play; women's health";English;HEA024000;18;99;6x9;cream;glossy;;699;699;320;320
;;;;I Am A Sissy;Feminization Affirmations, Humiliation, Domination and Erotic Submission for Mental Obedience;Mistress Juliett;;;English;;18;99;6x9;cream;glossy;;699;699;320;320
;;;;I’m A Dirty Sissy;Affirmations for Humiliation, Feminization & Total Erotic Submission;Mistress Juliett;"<p>Immerse yourself in the playful world of sissy role-play with 'I’m A Dirty Sissy'. This book provides a collection of affirmations designed to enhance your experiences of humiliation, feminization, and total erotic submission. Let these words guide you on a journey of self-discovery and empowerment, as you embrace your desires and fantasies in a safe and playful environment.</p><p>Whether you are a seasoned sissy or just starting to explore your identity, this book offers a gentle yet provocative approach to role-playing. With each affirmation, you'll find encouragement and inspiration to fully embrace your true self, allowing you to indulge in your fantasies without hesitation.</p><p>Join a community of like-minded individuals who celebrate their uniqueness and express their desires openly. 'I’m A Dirty Sissy' is not just a book; it's a gateway to a fulfilling and liberating experience.</p>";"sissy role-play; erotic submission; feminization; humiliation; affirmations; playful exploration; identity empowerment";English;FIC027000;18;99;6x9;cream;glossy;;699;699;320;320
;;;;I, Sissy;Feminization Affirmations for Sissy Role-Players;Mistress Juliett;<p>Welcome to a journey of sensual transformation and playful submission! In 'I, Sissy', you will explore the tantalizing world of feminization through affirmations, gentle humiliation, and the art of obedience. This book is designed for those who wish to embrace their sissy side under the guidance of a dominant mistress.</p><p>Each chapter offers empowering affirmations that will help you unlock your inner desires, allowing you to fully embrace your identity. With captivating prose and an inviting tone, you'll find yourself immersed in a fantasy where submission is celebrated and exploration of your true self is encouraged.</p><p>Whether you're a seasoned role-player or just beginning to explore this exciting lifestyle, 'I, Sissy' provides a safe space for you to indulge in your fantasies. Join us as we delve into the pleasures of submission and the joy of feminization!</p>;"feminization; sissy role-play; dominant mistress; erotic submission; humiliation; affirmations; obedience";English;FIC027000;18;99;6x9;cream;glossy;;699;699;320;320
;;;;Jerk Off Instructions for Sissies;Femdom Masturbation Orders, Degrading Affirmations, and Obedience Under a Cruel Mistress;Mistress Juliett;<p>Unleash your deepest fantasies with <strong>Jerk Off Instructions for Sissies</strong>. This playful yet commanding guide offers a unique blend of femdom masturbation orders and degrading affirmations designed to elevate your sissy role-playing experience. Whether you seek to embrace your submissive side or explore new boundaries, this book provides you with the tools to surrender to a cruel mistress and indulge in your desires.</p><p>Each instruction is crafted to enhance your arousal while fostering a sense of obedience and pleasure. Perfect for both seasoned players and those new to the scene, this book encourages exploration, self-acceptance, and playful submission. Get ready to embark on a journey of sensual discovery!</p>;"sissy role-play; femdom instructions; degrading affirmations; masturbation guide; submissive fantasies; obedience training; sensual exploration";English;FIC027000;18;99;6x9;cream;glossy;;699;699;320;320
;;;;Learning Our Limits;The Shave‑To‑Play Femdom Awakening – From Maid Fantasies to Chastity & Domination Delight;Herrin Mateja;;;English;;18;99;6x9;cream;glossy;;699;699;320;320
;;;;Living with Crossdressing;A Journey to Self-Discovery, Identity, and Gender Expression for MTF Crossdressers;Mistress LaLa;<p>Join us on an enlightening journey of self-discovery and acceptance in 'Living with Crossdressing.' This playful and descriptive guide offers MTF crossdressers a gentle exploration of identity, gender expression, and personal growth. Embrace your true self as you navigate the joys and challenges of crossdressing, and learn to celebrate your uniqueness.</p><p>Filled with inspiring stories, practical tips, and heartfelt insights, this book is designed to empower you on your journey. Whether you're a seasoned crossdresser or just beginning to explore, 'Living with Crossdressing' provides a safe space for reflection and understanding.</p><p>Discover the freedom of expressing your authentic self and find community in the shared experiences of others. Let this book be your companion as you uncover the beauty of living life in your own skin.</p>;"crossdressing; gender identity; self-discovery; MTF; sissy; gender expression; personal growth";English;SOC026000;18;99;6x9;cream;glossy;;699;699;320;320
;;;;Mental Sissifaction;Affirmations for Sissy Obedience, Feminization & Humiliating Transformation;Mistress Juliett;<h1>Mental Sissifaction</h1><p>Unlock your deepest desires and embrace your true self with our playful and transformative affirmations designed specifically for sissy role-players. This unique guide offers a gentle approach to feminization, obedience, and the art of humiliation, allowing you to explore your fantasies in a safe and encouraging environment.</p><p>Each affirmation is crafted to help you surrender to your sissy identity, enhancing your experiences and helping you embrace the joy of transformation. With a blend of humor and sensitivity, this book invites you to revel in your sissy journey, fostering self-acceptance and confidence.</p><p>Join a community of like-minded individuals and discover the power of words as you embark on your path to sissy fulfillment!</p>;"sissy; feminization; affirmations; obedience; transformation; role-play; humiliation";English;FIC027000;18;99;6x9;cream;glossy;;699;699;320;320
;;;;MTF Voice Training Workbook;Master Pitch, Resonance & Speech to Sound More Feminine in 6 Easy Steps;Mistress LaLa;<p>Unlock your true voice with the <strong>MTF Voice Training Workbook</strong>! This comprehensive guide is designed for sissy role-players seeking to enhance their vocal skills. In just six easy steps, you'll learn to master pitch, resonance, and speech techniques that will help you sound more feminine. Whether you're just starting your journey or looking to refine your skills, this workbook provides playful exercises and gentle guidance to transform your voice.</p><p>Explore the art of feminine speech in a fun and engaging way! Each section includes practical tips, exercises, and examples to help you practice effectively. Join a community of like-minded individuals and embrace your identity with confidence. Your voice is your power—let's make it shine!</p>;"voice training; feminine speech; pitch mastery; resonance techniques; sissy role-play; vocal exercises; gender expression";English;PER024000;16;99;6x9;cream;glossy;;699;699;320;320
;;;;Painful Mistress Instructions;9 Daily Humiliation & Pain Tasks – Earn Your Release Through Submission;Mistress LaLa;<p>Welcome to a world of playful submission and tantalizing tasks designed for those who embrace their sissy role. In 'Painful Mistress Instructions,' you will discover a carefully crafted collection of 9 daily activities that blend humiliation with pleasure. Each task is an opportunity to explore your deepest desires and earn your release through true submission.</p><p>Whether you're a seasoned role-player or new to this enticing lifestyle, these instructions are gentle yet effective, guiding you through each experience with care. Unlock your potential and indulge in the exquisite blend of pain and pleasure that awaits you. Are you ready to submit?</p>;"sissy role-play; humiliation tasks; submission guide; daily challenges; playful pain; erotic instructions; lifestyle exploration";English;FIC027000;18;99;6x9;cream;glossy;;699;699;320;320
;;;;Passable & Feminine;The Complete MTF Crossdressing Guide for Transformation, Beauty, Voice & Confidence;Mistress LaLa;<h1>Unlock Your True Self</h1><p>Welcome to <strong>Passable & Feminine</strong>, the ultimate guide for anyone looking to embrace their feminine side through MTF crossdressing. This comprehensive book offers invaluable insights into transformation, beauty tips, voice training, and building confidence. Whether you're a seasoned crossdresser or just starting your journey, this guide will support you every step of the way.</p><p>Explore techniques for achieving a stunning look that reflects your inner self. Discover the secrets of voice modulation to help you communicate in a way that feels authentic and comfortable. With a playful and descriptive style, we make it easy for you to enhance your experience and feel beautiful both inside and out.</p><p>Join a community of like-minded individuals and take the first step towards embracing your identity. It's time to shine and express your true self with confidence!</p>;"MTF crossdressing; transformation guide; beauty tips; voice training; confidence building; sissy role-play; feminine style";English;SOC002000;18;99;6x9;cream;glossy;;699;699;320;320
;;;;Public Sissy Humiliation;Femdom Crossdressing, Forced Exposure, and Classroom Feminization;Herrin Mateja;<p>Immerse yourself in a world where sissy fantasies come to life! In 'Public Sissy Humiliation,' you'll experience the thrilling dynamics of femdom and crossdressing as you follow the adventures of reluctant sissies under the guidance of cruel schoolgirls and a strict mistress. This playful exploration of forced exposure and classroom feminization is designed to titillate and excite, creating an unforgettable journey for role-players and fantasy enthusiasts alike.</p><p>With vivid descriptions and a gentle touch, this book invites you to embrace your desires and revel in the delicious tension of humiliation and empowerment. Whether you're a seasoned sissy or just beginning to explore your fantasies, this tale will captivate your imagination and inspire your role-playing adventures.</p>;"sissy humiliation; femdom crossdressing; forced exposure; classroom feminization; schoolgirls; strict mistress; role-playing";English;FIC027000;18;99;6x9;cream;glossy;;699;699;320;320
;;;;Reaffirm Your Sissy Self;Affirmations for Feminization, Humiliation, Obedience and Submission Under a Dominant Mistress;Mistress Juliett;<h1>Reaffirm Your Sissy Self</h1><p>Unlock the true essence of your sissy identity with this playful and empowering collection of affirmations. Designed for those who embrace their femininity and seek guidance under the watchful eye of a dominant mistress, this book offers a journey of self-discovery and acceptance.</p><p>Each affirmation is crafted to inspire feelings of submission, obedience, and the joy of feminization. Whether you are new to the world of sissy role-play or a seasoned participant, the gentle prompts within these pages will help you explore your desires and deepen your experience.</p><p>Join a community of like-minded individuals who celebrate their sissy selves. Reaffirm your identity and let your inner sissy shine!</p>;"sissy affirmations; feminization; domination; submission; role-play; humiliation; obey mistress";English;FIC027000;18;99;6x9;cream;glossy;;699;699;320;320
;;;;Shame;Based Sissy Affirmations: Erotic Feminization, Public Humiliation & Shame-Driven Obedience;Mistress Juliett;<p>Step into a world of playful exploration with 'Shame', where erotic feminization meets the thrill of public humiliation. This collection of affirmations is designed for sissy role-players seeking to embrace their desires and push boundaries. Each affirmation encourages obedience and self-discovery, guiding you through a sensuous journey of acceptance and transformation. Whether you're new to this lifestyle or a seasoned player, these affirmations will ignite your fantasies and empower your inner sissy in the most delightful ways.</p><p>Dive deep into your fantasies with gentle encouragement that celebrates your unique journey. From playful scenarios to heartfelt reflections, 'Shame' offers a safe space to explore your identity and desires. Embrace the joy of submission and let your true self shine through.</p>;"sissy affirmations; erotic feminization; public humiliation; shame obedience; role-playing; self-discovery; fantasy exploration";English;FIC027060;18;99;6x9;cream;glossy;;699;699;320;320
;;;;Shame;Empowering Sissy Affirmations for Submission;Mistress Juliett;<p>Discover the transformative power of shame and submission with 'Shame: Based Sissy Affirmations.' This playful yet profound guide offers a unique blend of feminization, humiliation, and mental obedience designed specifically for sissy role-players. Dive into a world where erotic shame becomes a source of empowerment, helping you embrace your true self and explore the depths of your desires.</p><p>Each affirmation is crafted to guide you on your journey of submission, encouraging you to let go of inhibitions and fully embrace your sissy identity. With gentle guidance and descriptive insights, this book is perfect for those who seek to explore their fantasies in a safe and supportive environment.</p><p>Whether you’re new to this lifestyle or a seasoned participant, 'Shame' offers a playful approach to self-discovery and erotic fulfillment. Let go and indulge in the seductive world of sissy affirmations and domination.</p>;"sissy affirmations; feminization; erotic shame; mental obedience; submission; humiliation; role-play";English;FIC027120;18;99;6x9;cream;glossy;;699;699;320;320
;;;;Shopping Assignments for the Sissy;A Beginner’s Guide to Feminizing, Gear & Service Etiquette;Mistress LaLa;"<p>Discover the exciting world of sissy role-play with our comprehensive guide, ""Shopping Assignments for the Sissy."" This playful and descriptive book offers newcomers an engaging introduction to feminization, gear selection, and the essential etiquette for service. Whether you're a curious beginner or looking to expand your horizons, this guide will gently lead you through the nuances of sissy culture. Learn how to embrace your identity, shop confidently for the right attire, and navigate the art of service with grace and style. Join us on this delightful journey of self-exploration and empowerment!</p>";"sissy role-play; feminization guide; service etiquette; gear selection; beginner's guide; sissy culture; playful exploration";English;HUM003000;18;99;6x9;cream;glossy;;699;699;320;320
;;;;Sissy Affirmation Training;Feminization, Humiliation, Domination and Mental Obedience for Filthy and Submissive Sissies;Mistress Juliett;<p>Welcome to the ultimate guide for sissy role-players seeking to embrace their true selves! In 'Sissy Affirmation Training', you'll discover empowering techniques to enhance your feminization journey. This playful and descriptive manual offers insights into the art of humiliation, domination, and mental obedience, tailored specifically for those who wish to explore their submissive sissy side.</p><p>With gentle guidance and affirmations, you'll learn how to unlock your deepest desires, build confidence in your femininity, and fully embrace your sissy identity. Whether you're a novice or an experienced role-player, this book provides a safe space to explore your fantasies and grow into the sissy you were always meant to be.</p><p>Join us on this transformative journey and discover the joy of living authentically as a filthy and submissive sissy!</p>;"sissy training; feminization guide; submissive role-play; humiliation techniques; domination tips; mental obedience; sissy affirmation";English;FIC027000;18;99;6x9;cream;glossy;;699;699;320;320
;;;;Sissy Brainwashing;Erotic Affirmations for Sissy Submission and Transformation;Mistress Juliett;<p>Immerse yourself in the world of Sissy Brainwashing, where erotic affirmations guide you on a journey of feminization, humiliation, and submission. Under the watchful eye of a dominant mistress, you will explore the depths of your desires and embrace your true self. This playful yet descriptive guide invites you to surrender to your fantasies and discover the pleasure in obedience. Let each affirmation shape your mind and body, leading you to a fulfilling role in the sissy lifestyle.</p>;"sissy role-play; feminization; dominance; erotic affirmations; humiliation; submission; obedience";English;FIC027000;18;99;6x9;cream;glossy;;699;699;320;320
;;;;Sissy Curiosity Punishment;Femdom, Crossdressing Confession, Humiliation and Transformation Under a Cruel Mistress;Herrin Mateja;<p>Immerse yourself in a world of playful punishment and transformation with 'Sissy Curiosity Punishment'. This tantalizing tale explores the depths of sissy role-play, where humiliation becomes a path to self-discovery. Follow our protagonist as they navigate the delicate balance between desire and submission under the watchful eye of a cruel yet captivating mistress.</p><p>Each chapter unfolds a new layer of curiosity, revealing the intricate dynamics of power and surrender. With vivid descriptions and an enchanting narrative, this book promises to captivate your imagination and ignite your fantasies. Whether you're a seasoned sissy or just curious about this alluring lifestyle, this book will take you on a journey of transformation that you won't soon forget.</p>;"Femdom; Crossdressing; Sissy Role-play; Humiliation; Transformation; Cruel Mistress; Playful Punishment";English;FIC027000;18;99;6x9;cream;glossy;;699;699;320;320
;;;;Sissy Discipline Training;Crossdressing, Public Humiliation, Feminization and Chastity Under a Demanding Mistress;Mistress LaLa;;;English;;18;99;6x9;cream;glossy;;699;699;320;320
;;;;Sissy Mantras & Feminization Obedience;Transform into a Real Girl through Humiliation, Domination and Erotic Mental Training;Mistress LaLa;<p>Unlock your true potential and embrace your inner femininity with <strong>Sissy Mantras & Feminization Obedience</strong>. This playful yet deeply transformative guide takes you on a journey of self-discovery through the art of humiliation, domination, and erotic mental training. Whether you're a seasoned sissy role-player or just beginning to explore, this book offers practical techniques and empowering mantras that will help you fully embody the essence of a real girl.</p><p>Experience the thrill of surrendering to your desires and let go of inhibitions. Each chapter is designed to inspire and motivate, with engaging exercises that encourage you to embrace your feminine side. From building confidence to mastering the art of obedience, you'll find the tools you need to become the sissy you’ve always dreamed of being.</p><p>Join a supportive community of like-minded individuals and start your transformation today. It’s time to step into your power and celebrate your unique journey!</p>;"sissy transformation; feminization training; erotic obedience; humiliation play; role-playing guide; gender exploration; dominance and submission";English;FIC027000;18;99;6x9;cream;glossy;;699;699;320;320
;;;;Sissy Mantras & Feminization Obedience;Transform into a True Girl with Erotic Humiliation, Domination and Mental Training;Mistress LaLa;<p>Unlock your true self with <strong>Sissy Mantras & Feminization Obedience</strong>. This enchanting guide is designed for sissy role-players who seek to embrace their femininity through playful and erotic practices. Dive into a world of gentle domination and mental training that will guide you in your transformation. With each mantra, you will find empowerment in your submission and joy in your obedience. Explore your desires, indulge in your fantasies, and become the true girl you’ve always yearned to be!</p><p>Featuring practical exercises and insights, this book will help you navigate the delightful journey of feminization. Whether you are a novice or experienced in the lifestyle, you will discover new ways to enhance your experience and deepen your connection to your sissy identity. Join a community of like-minded individuals and celebrate your unique journey!</p>;"sissy training; feminization; erotic humiliation; domination; mental training; role-play; submission";English;FIC027000;18;99;6x9;cream;glossy;;699;699;320;320
;;;;Sissy Mantras & Feminization Submission;Transform into a Real Girl with Erotic Obedience, Humiliation and Mental Training;Mistress LaLa;<p>Discover the enchanting world of transformation with 'Sissy Mantras & Feminization Submission'. This playful guide invites you to embrace your deepest desires and explore the thrilling journey of feminization. Through a blend of erotic obedience and gentle humiliation, you'll learn to unlock your true self and revel in the beauty of submission. Each mantra is designed to guide you, offering mental training that empowers and excites. Whether you're a seasoned sissy or just starting your journey, this book will inspire you to fully embrace your femininity and find joy in your submission.</p><p>Join the community of like-minded individuals who celebrate this unique lifestyle. Let your fantasies take flight as you explore new depths of pleasure and self-acceptance. With each page, you'll feel more connected to your inner girl, ready to step confidently into your new reality.</p>;"sissy training; feminization; erotic submission; humiliation; mental training; role-play; transformation";English;FIC027020;18;99;6x9;cream;glossy;;699;699;320;320
;;;;Sissy Mantras & Feminization Training;Transform into a Real Girl with Humiliation, Mental Obedience and Erotic Submission;Mistress LaLa;<p>Unlock your true potential and embrace your feminine side with <strong>Sissy Mantras & Feminization Training</strong>. This playful and descriptive guide is designed for sissy role-players who wish to explore the depths of their desires. Through a series of engaging mantras and training exercises, you will learn to accept humiliation, cultivate mental obedience, and indulge in erotic submission.</p><p>Each chapter is filled with gentle guidance, inspiring you to fully embody your new identity. Whether you're a beginner or have experience in the sissy lifestyle, this book offers valuable insights to enhance your journey. Join a community of like-minded individuals and discover the joy of transformation!</p>;"sissy training; feminization; erotic submission; mental obedience; role-play; humiliation; transformation";English;FIC027020;18;99;6x9;cream;glossy;;699;699;320;320
;;;;Sissy Mantras & Feminization Transformation;Mental Obedience, Erotic Humiliation and Submission to Become a Real Girl;Mistress LaLa;<p>Discover the enchanting world of Sissy Mantras and embrace your journey of feminization transformation. This playful guide will lead you through the realms of mental obedience and erotic humiliation, helping you to unlock your true self. Dive into a collection of affirmations and exercises designed to enhance your submission and embrace your identity as a real girl.</p><p>Whether you are new to sissy role-playing or looking to deepen your experience, this book offers gentle guidance and a supportive approach to help you thrive. Let your fantasies come alive as you explore the delicate balance of pleasure and submission.</p>;"sissy transformation; feminization; erotic humiliation; submission; mental obedience; role-playing; real girl";English;FIC027000;18;99;6x9;cream;glossy;;699;699;320;320
;;;;Sissy Mantras & Real Girl Obedience;Transform into a Real Girl with Feminization and Submission;Mistress LaLa;<p>Discover the enchanting world of Sissy Mantras & Real Girl Obedience, where playful exploration meets deep transformation. This guide will help you embrace your sissy identity through empowering mantras, gentle humiliation, and the art of mental submission. Dive into a journey that celebrates your desires and fantasies, unlocking the true essence of femininity.</p><p>With carefully crafted exercises and affirmations, you will learn to nurture your inner girl, cultivating confidence and joy in your sissy role. Each chapter offers insights and practices designed to enhance your experience, making it a delightful adventure of self-discovery.</p><p>Join a community of like-minded individuals and explore the liberating power of embracing your authentic self. Whether you’re a seasoned role-player or just beginning your journey, this book is your ultimate companion in becoming the real girl you aspire to be!</p>;"sissy transformation; feminization guide; mental submission; role-playing; humiliation practices; confidence building; self-discovery";English;FIC006000;18;99;6x9;cream;glossy;;699;699;320;320
;;;;Sissy Mantras & Real Girl Transformation;Feminization, Humiliation, Obedience and Erotic Mental Submission;Mistress LaLa;<h1>Sissy Mantras & Real Girl Transformation</h1><p>Embark on an exhilarating journey of self-discovery and transformation with our playful guide to feminization. This book is designed for sissy role-players who wish to explore their desires and embrace their true selves through the art of obedience and mental submission. With enticing mantras and scenarios that challenge the traditional notions of gender, you will find a safe space to express your fantasies and desires. <br>Get ready to dive into a world where humiliation becomes empowerment, and obedience leads to liberation. Each chapter is crafted to nurture your inner girl, encouraging you to embrace femininity in all its forms. Whether you are new to this lifestyle or looking to deepen your experience, this book offers the guidance and inspiration you need to transform into the real girl you’ve always wanted to be.</p>;"sissy transformation; feminization guide; erotic submission; humiliation play; role-playing; gender exploration; obedience training";English;FIC027020;18;99;6x9;cream;glossy;;699;699;320;320
;;;;Sissy Mantras & Transformation Obedience;Transform into a Real Girl with Feminization, Humiliation, and Erotic Mental Submission;Mistress LaLa;<p>Discover the enchanting world of Sissy Mantras & Transformation Obedience. This guide invites you to explore your deepest desires through playful feminization and erotic mental submission. Dive into a journey of self-discovery and transformation, where humiliation becomes a path to empowerment and joy. Each mantra is designed to help you embrace your inner self, turning fantasies into reality while celebrating your unique identity. Perfect for sissy role-players looking to deepen their experience, this book offers a gentle yet compelling approach to personal growth and fulfillment.</p>;"sissy transformation; erotic submission; feminization guide; role-play fantasies; humiliation play; self-discovery; empowerment through submission";English;FIC027000;18;99;6x9;cream;glossy;;699;699;320;320
;;;;Sissy Mental Training;Affirmations for Feminization, Humiliation, Obedience and Submission Under a Dominant Mistress;Mistress Juliett;<p>Welcome to a world where your deepest desires intertwine with the art of submission. <strong>Sissy Mental Training</strong> is your guide to embracing your feminine side through playful affirmations tailored for sissy role-players. Each page invites you to explore the beauty of feminization, the thrill of humiliation, and the joy of obedience under the gentle guidance of a dominant mistress.</p><p>Unlock your full potential and discover the empowering journey of submission. With carefully crafted affirmations, you will learn to embrace your identity, find comfort in your desires, and develop a deeper connection with your dominant partner. This book is designed to be your companion in a transformative experience, encouraging you to step into your role with confidence and grace.</p><p>Are you ready to indulge in the exquisite dance of domination and submission? Join us on this enchanting journey and let <strong>Sissy Mental Training</strong> be your key to a world filled with pleasure, exploration, and self-discovery.</p>;"sissy training; feminization; dominant mistress; submission; humiliation; role-playing; affirmations";English;FIC027120;18;99;6x9;cream;glossy;;699;699;320;320
;;;;Sissy Mind Training;Affirmations for Feminization, Humiliation, Mental Obedience and Dirty Submission;Mistress Juliett;<h1>Unlock Your Inner Sissy</h1><p>Welcome to the world of Sissy Mind Training, where you can embrace your true self with playful affirmations designed to enhance your feminization journey. This guide is perfect for sissy role-players looking to explore their desires in a safe and supportive environment.</p><p>Through gentle and encouraging language, each affirmation serves as a stepping stone towards mental obedience and deeper submission, allowing you to fully immerse yourself in your role. You'll find yourself captivated by the transformative power of words, guiding you to a place of acceptance and joy.</p><p>Whether you're a beginner or a seasoned sissy, this book is tailored to elevate your experience and help you thrive in your unique lifestyle. Indulge in the thrill of humiliation and submission, while celebrating the beauty of your femininity.</p><p>Join the community of sissies and let your journey begin!</p>;"sissy training; feminization; humiliation; mental obedience; dirty submission; role-playing; affirmations";English;FIC028000;18;99;6x9;cream;glossy;;699;699;320;320
;;;;Sissy Obedience & Public Humiliation;Crossdressing, Femdom, Degradation and Submission to a New Mistress;Herrin Mateja;<p>Step into a world where desires are unleashed, and fantasies come to life. In 'Sissy Obedience & Public Humiliation,' explore the thrilling journey of surrendering to a new Mistress who knows just how to tease and torment. This playful yet descriptive guide takes you through the intricacies of crossdressing, femdom, and the exhilarating experience of degradation. Perfect for sissy role-players looking to expand their horizons, this book invites you to embrace your submissive side and discover the joys of public humiliation. Are you ready to submit and be transformed?</p>;"sissy role-play; femdom stories; crossdressing guide; public humiliation; submission techniques; degradation play; dominance and submission";English;FIC027000;18;99;6x9;cream;glossy;;699;699;320;320
;;;;Sissy Phrases;Erotic Affirmations for Humiliation, Feminization & Obedient Transformation;Mistress Juliett;<p>Unlock your deepest desires with <strong>Sissy Phrases</strong>, a playful guide filled with erotic affirmations designed for sissy role-players. Dive into a world where humiliation and feminization intertwine, guiding you towards obedient transformation. Each phrase is crafted to tantalize your imagination and enhance your experience, making every moment a step towards embracing your true self.</p><p>Whether you are new to the sissy lifestyle or a seasoned enthusiast, this book offers a gentle yet powerful approach to exploring your fantasies. Let these affirmations empower you to express your identity, while providing the encouragement and validation you crave. With <strong>Sissy Phrases</strong>, you can explore the thrilling dynamics of submission and femininity in a safe and imaginative way.</p>;"sissy role-play; erotic affirmations; feminization; humiliation; obedient transformation; submissive fantasies; playful exploration";English;FIC028000;18;99;6x9;cream;glossy;;699;699;320;320
;;;;Sissy Training Mansion – Day One;Crossdressing, Humiliation, Chastity and Obedience Under Cruel Femdom Mistresses;Herrin Mateja;<p>Welcome to the Sissy Training Mansion, where your deepest fantasies come to life! In 'Day One', you will embark on a transformative journey filled with playful exploration, gentle humiliation, and strict obedience under the watchful eyes of powerful Femdom Mistresses. Immerse yourself in a world where your desires are celebrated and your limits are tested.</p><p>As you navigate through the mansion's chambers, each experience will challenge your perceptions and reshape your identity. From the thrill of crossdressing to the intense feelings of chastity, every moment is designed to heighten your senses and deepen your submission. Will you embrace your true self?</p><p>Join us in this captivating adventure, where pleasure meets discipline, and every command leads you closer to ultimate fulfillment.</p>;"sissy training; crossdressing; femdom; humiliation; obedience; chastity; role-play";English;FIC027000;18;99;6x9;cream;glossy;;699;699;320;320
;;;;Sissy Training & Feminization Obedience;Strict Femdom Discipline, Humiliation and Complete Sissy Transformation Under a Dominant Mistress;Mistress LaLa;<p>Welcome to the enticing world of Sissy Training & Feminization Obedience, where fantasies come to life and desires are fulfilled. Dive deep into a playful yet strict environment under the guidance of a dominant mistress, designed to transform your sissy role-playing experience. Explore the realms of submission, discipline, and transformation that will elevate your journey to new heights.</p><p>This book offers a comprehensive guide to the art of feminization, encompassing techniques, rituals, and exercises that promote obedience and enhance your sissy identity. With a gentle yet firm approach, it provides insights into the psychology of submission and the joy of embracing your true self. Whether you’re a beginner or looking to deepen your existing practice, this guide is tailored to help you thrive.</p><p>Prepare to embrace humiliation in a safe, consensual way, and experience the thrill of complete transformation. Let the journey begin!</p>;"sissy training; feminization; femdom; dominant mistress; submission; role play; obedience";English;FIC027000;18;99;6x9;cream;glossy;;699;699;320;320
;;;;Slave Humiliation Taskbook;10 Daily Assignments for Obedience, Shame & Complete Submission;Mistress LaLa;<h1>Unlock Your Potential with Playful Humiliation</h1><p>Are you ready to embrace your submissive side? The 'Slave Humiliation Taskbook' offers a unique journey into the world of sissy role-play. With 10 daily assignments designed to enhance your obedience, explore your limits of shame, and encourage complete submission, this taskbook is perfect for both newcomers and seasoned players alike.</p><p>Each assignment is crafted to be playful and descriptive, guiding you through experiences that cultivate your inner desires in a gentle, yet stimulating manner. Whether you're looking to deepen your role-play or explore new dynamics, this taskbook will serve as your companion on an exciting adventure.</p><p>Engage with your fantasies, challenge your boundaries, and discover the joy of submission with a touch of playfulness. Dive in and let the journey begin!</p>;"sissy role-play; humiliation tasks; obedience training; submission exercises; daily assignments; playful submission; shame exploration";English;FIC022000;18;99;6x9;cream;glossy;;699;699;320;320
;;;;Slave Training;14‑Day Femdom Bootcamp – Daily Tasks to Become the Ultimate Submissive;Herrin Mateja;<h1>Unlock Your Submission</h1><p>Welcome to your 14-day journey into the world of Femdom! This playful and gentle bootcamp is designed for sissy role-players who wish to embrace their submissive side. Each day, you will receive carefully crafted tasks that will guide you through the art of submission, helping you to explore your desires and develop your submissive persona.</p><p>From daily affirmations to fun challenges, this bootcamp will make you feel empowered while you submit. Discover the joys of surrendering control and the thrill of pleasing your dominant partner. Whether you're new to the lifestyle or looking to deepen your experience, this guide offers something for everyone.</p><p>Are you ready to become the ultimate submissive? Join us on this exciting adventure!</p>;"Femdom; submissive; sissy role-play; bootcamp; submission training; adult tasks; empowerment";English;FIC027000;18;99;6x9;cream;glossy;;699;699;320;320
;;;;Slave Training;14-Day Femdom Education Program for Submissives;Herrin Mateja;<p>Welcome to the ultimate guide for sissy role-players! In 'Slave Training', embark on a transformative 14-day journey designed to unlock your submissive potential. This playful and gentle program offers a blend of fun exercises, insightful tips, and empowering challenges that will guide you through your sissy fantasies.</p><p>Each day presents new activities that encourage self-exploration and growth, helping you embrace your desires in a safe and supportive environment. With a focus on femdom education, you'll learn the art of submission, discover your unique kinks, and develop a deeper connection with your dominant partner. Get ready to dive into a world of playful submission where your fantasies come to life!</p>;"femdom education; sissy training; submissive guide; role-playing; kink exploration; dominance; self-discovery";English;FIC027050;18;99;6x9;cream;glossy;;699;699;320;320
;;;;The Classy Transgender Lady;An Elegance & Etiquette Guide for Trans Women, Crossdressers, and Feminine Power Seekers;Mistress LaLa;<p>Unlock the secrets of grace and poise with <strong>The Classy Transgender Lady</strong>. This enchanting guide offers playful insights into elegance and etiquette tailored specifically for trans women, crossdressers, and those who seek to embrace their feminine power. Discover how to navigate social situations with confidence, enhance your personal style, and build a strong sense of self. From mastering the art of conversation to understanding the nuances of feminine body language, each chapter is designed to empower and inspire. Join a vibrant community of like-minded individuals and celebrate your unique journey towards self-expression and confidence!</p>;"transgender etiquette; feminine elegance; crossdressing tips; sissy empowerment; style guide; confidence building; social grace";English;SOC026000;16;99;6x9;cream;glossy;;699;699;320;320
;;;;The Compleat Sissy Playbook;A Fun Guide to Sissy Training and Roleplay for Couples;Mistress LaLa;<p>Unlock a world of playful exploration with <strong>The Compleat Sissy Playbook</strong>. This beginner’s guide is designed for couples looking to dive into the exciting realms of sissy training, feminization, and roleplay. Whether you're new to the scene or looking to enhance your experience, this playbook provides you with the tools, tips, and techniques to create unforgettable moments together.</p><p>Discover a variety of activities, from playful exercises to intimate scenarios, all crafted to elevate your connection and foster trust. With a gentle tone and descriptive guidance, you'll learn how to navigate the journey of feminization, ensuring both partners feel comfortable and excited. Each chapter is filled with insights that encourage communication and creativity, making your exploration both enjoyable and fulfilling.</p><p>Join the fun and embrace your fantasies with confidence!</p>;"sissy training; feminization; couples roleplay; sissy playbook; beginner's guide; intimate exploration; playful scenarios";English;FAM034000;18;99;6x9;cream;glossy;;699;699;320;320
;;;;The FLR Crossdresser Guide;Build a Loving Female-Led Relationship with Your Partner;Mistress LaLa;<h2>Discover the Secrets to a Thriving FLR!</h2><p>Welcome to 'The FLR Crossdresser Guide'! This playful and descriptive guide is designed for those who embrace the beauty of female-led relationships, especially within the sissy role-playing community. Here, you'll find insightful tips on how to nurture a loving bond with your male-to-female partner.</p><p>Learn the art of communication, explore fantasies, and create a safe space for both partners to express their desires. With gentle guidance, this book will help you foster trust, intimacy, and joy in your relationship.</p><p>Whether you're new to the concept or looking to deepen your connection, this guide offers practical advice and heartfelt encouragement. Get ready to embark on a journey of love and self-discovery!</p>;"female-led relationship; crossdressing; sissy role-play; relationship guide; LGBTQ+ love; intimacy tips; communication skills";English;FAM030000;18;99;6x9;cream;glossy;;699;699;320;320
;;;;The HAPPY ENDING Handbook;Mastering Hands-On Pleasure, Tease & Release Techniques for Intimacy;Mistress LaLa;<p>Unlock the secrets to deeper connections and heightened pleasure with <strong>The HAPPY ENDING Handbook</strong>. This playful guide is designed for sissy role-players seeking to enhance their intimate experiences through hands-on techniques that promote both tease and release. Discover how to create an atmosphere of trust and excitement, ensuring that every encounter becomes a memorable journey of exploration.</p><p>With detailed descriptions and gentle guidance, learn to master the art of intimacy. From playful teasing to the ultimate release, this book covers everything you need to know to elevate your intimate life. Whether you're a seasoned role-player or new to the scene, our techniques will help you connect on a deeper level and enjoy every moment.</p><p>Join us in celebrating the joy of pleasure and intimacy, and embrace the happiness that comes with understanding your partner's desires. Dive into <strong>The HAPPY ENDING Handbook</strong> and transform your intimate experiences today!</p>;"sissy role-play; intimacy techniques; pleasure guide; tease and release; hands-on pleasure; relationship enhancement; sexual exploration";English;FIC000000;18;99;6x9;cream;glossy;;699;699;320;320
;;;;The Single Man’s Guide to Sissification;Home Feminization Rules & Timeline for Daily Sissy Submission;Mistress LaLa;<p>Unlock the secrets of transformation with <strong>The Single Man’s Guide to Sissification</strong>. This playful and descriptive guide is designed for sissy role-players eager to embrace their true selves. Discover a comprehensive set of home feminization rules, complete with a detailed timeline that will help you navigate your daily journey of sissy submission.</p><p>Whether you're just starting out or looking to deepen your experience, this gentle yet empowering book provides practical tips, engaging activities, and a supportive approach to sissy life. Transform your everyday routine and learn how to celebrate your femininity with style and flair.</p><p>Join a community of like-minded individuals and let your sissy journey begin. Embrace your identity, explore your fantasies, and find joy in the art of feminization!</p>;"sissification; feminization; sissy role-play; submission guide; gender exploration; playful transformation; self-discovery";English;FIC027000;18;99;6x9;cream;glossy;;699;699;320;320
;;;;The Ultimate Threesome Guide for Couples;Safe Fantasy Exploration, Communication & Aftercare;Mistress LaLa;<h1>The Ultimate Threesome Guide for Couples</h1><p>Unlock the secrets to a fulfilling and enjoyable threesome experience with our comprehensive guide. This book is designed specifically for couples looking to explore the exciting world of threesomes, with a focus on safety, communication, and aftercare. Whether you're seasoned adventurers or new to the scene, our playful and descriptive approach will make your journey smooth and enjoyable.</p><p>Inside, you'll find practical tips on how to discuss desires with your partner, set boundaries, and choose the right third person. We emphasize the importance of consent and open communication, ensuring that everyone involved feels comfortable and respected.</p><p>Additionally, our guide covers essential aftercare practices to help you and your partner reconnect and process your experience together. With insights tailored for sissy role-players, this book is your go-to resource for making your fantasies a reality in a safe and respectful way.</p>;"threesome guide; couples exploration; safe fantasy; sissy role-play; communication tips; aftercare practices; open relationships";English;FAMILY & RELATIONSHIPS / Love & Romance;18;99;6x9;cream;glossy;;699;699;320;320
;;;;Throatgasm Training;Unlock the Secrets to Unforgettable Oral Experiences;Mistress LaLa;<p>Discover the art of deepthroat mastery with 'Throatgasm Training.' This playful and descriptive guide takes you on a journey to elevate your oral experiences to new heights. Whether you're a beginner or looking to refine your skills, this book offers gentle yet effective techniques designed for sissy role-players. Learn how to enhance pleasure for both you and your partner, creating unforgettable moments together.</p><p>With detailed instructions, tips, and insights, you'll find the confidence to explore and enjoy every aspect of oral pleasure. From relaxation techniques to mastering the perfect rhythm, 'Throatgasm Training' is your ultimate companion for unlocking a new level of intimacy. Join us in discovering the secrets that will make every encounter truly special!</p>;"deepthroat techniques; oral pleasure guide; sissy role-play; intimacy skills; pleasure secrets; sexual exploration; relationship enhancement";English;FIC027000;18;99;6x9;cream;glossy;;699;699;320;320
;;;;Transgender Women’s Guide to Elegance, Beauty & High;Value Dating: Feminization, Class & Confidence for Crossdressers, T-Girls & Modern Ladies;Mistress LaLa;<p>Welcome to the ultimate guide for transgender women and crossdressers seeking to enhance their elegance, beauty, and confidence. This playful and descriptive book dives into the art of value dating, offering tips on feminization and class that will empower you to embrace your true self. Whether you're a seasoned T-girl or just starting your journey, this guide is designed to inspire and uplift. Discover practical advice, personal stories, and a supportive community that celebrates diversity and self-expression. Unleash your inner beauty and navigate the world of dating with grace and confidence!</p>;"transgender beauty; crossdressing tips; feminization guide; dating advice; T-girl confidence; sissy lifestyle; modern femininity";English;SOC004000;18;99;6x9;cream;glossy;;699;699;320;320
;;;;Why Not Crossdress?;Exploring the Benefits of Male Feminization, Sissy Play, and Gender Expression Without Shame;Mistress LaLa;<p>Discover the liberating world of male feminization and sissy play with <strong>Why Not Crossdress?</strong>. This playful and descriptive guide invites you to embrace your true self, explore new dimensions of gender expression, and find joy in your unique identity. Learn about the benefits of breaking free from societal norms and celebrating femininity in all its forms. Whether you're a curious beginner or an experienced participant, this book provides insights, tips, and encouraging narratives to help you on your journey. Join a community that values authenticity and self-acceptance, and let go of shame as you express your desires. It's time to step into the vibrant world of crossdressing and sissy play!</p>;"male feminization; sissy play; gender expression; crossdressing; self-acceptance; identity exploration; playful narratives";English;SOC026000;18;99;6x9;cream;glossy;;699;699;320;320
;;;;Your Wife Cuckold Guide;Exploring Femdom, Submission & Wife-Led Power Exchange Dynamics;Herrin Mateja;<h1>Your Wife Cuckold Guide</h1><p>Welcome to a playful exploration of the intriguing world of cuckolding, where desires meet dynamics of power exchange. In this comprehensive guide, you’ll uncover the nuances of female dominance and submission, specifically tailored for sissy role-players looking to deepen their understanding and embrace their fantasies.</p><p>Whether you are new to this lifestyle or seeking to enhance your existing practices, this book provides insightful perspectives, practical advice, and engaging scenarios to help you navigate the journey of submission under the loving guidance of your wife. Discover how to communicate your desires, build trust, and create an empowering experience that celebrates both partners’ needs.</p><p>Join us on this fascinating adventure, where every page turns into an opportunity for connection and pleasure. Embrace your role, explore your fantasies, and let your wife lead the way!</p>;"cuckold dynamics; femdom exploration; wife-led power; sissy role-play; submission guide; power exchange; relationship advice";English;FIC027000;18;99;6x9;cream;glossy;;699;699;320;320
